{
  "efficiency": {
    "Generate": {
      "r1": {
        "avg_len": 33.452488687782804,
        "std_len": 19.7136458620152
      },
      "qwen": {
        "avg_len": 45.859410430839006,
        "std_len": 35.57570840087147
      }
    },
    "Execute": {
      "r1": {
        "avg_len": 8.312997347480106,
        "std_len": 8.3375514844564
      },
      "qwen": {
        "avg_len": 19.38095238095238,
        "std_len": 17.63047677353856
      }
    },
    "Summarization": {
      "r1": {
        "avg_len": 8.285067873303168,
        "std_len": 8.005383009081454
      },
      "qwen": {
        "avg_len": 7.401869158878505,
        "std_len": 7.940620533067319
      }
    },
    "Debug": {
      "r1": {
        "avg_len": 19.140280561122246,
        "std_len": 15.799354414699527
      },
      "qwen": {
        "avg_len": 23.3158953722334,
        "std_len": 16.310086522990716
      }
    },
    "Translate": {
      "r1": {
        "avg_len": 14.85483870967742,
        "std_len": 13.369858703373755
      },
      "qwen": {
        "avg_len": 15.983870967741936,
        "std_len": 18.260061538264328
      }
    }
  },
  "entropy": {
    "r1": {
      "Generate": 2.2571177644555305,
      "Execute": 1.6901327054135535,
      "Summarization": 2.340740480689899,
      "Debug": 2.2153219193567324,
      "Translate": 2.3172737504851035
    },
    "qwen": {
      "Generate": 2.2938880777356174,
      "Execute": 2.0226220672516515,
      "Summarization": 2.3522964340986934,
      "Debug": 2.4407136579833413,
      "Translate": 2.34076819741422
    }
  }
}