{
  "Generate": [
    [
      0.26979742173112337,
      0.4972375690607735,
      0.06445672191528545,
      0.004604051565377533,
      0.05064456721915286,
      0.03038674033149171,
      0.05432780847145488,
      0.0285451197053407
    ],
    [
      0.0361504640937958,
      0.5136785539814362,
      0.16047874938935028,
      0.005862237420615535,
      0.1084513922813874,
      0.05569125549584758,
      0.09990229604298974,
      0.01978505129457743
    ],
    [
      0.015573525007487272,
      0.0853548966756514,
      0.43785564540281524,
      0.03833483078766098,
      0.23420185684336628,
      0.01497454327643007,
      0.14465408805031446,
      0.029050613956274333
    ],
    [
      0.018072289156626505,
      0.024096385542168676,
      0.09036144578313253,
      0.02108433734939759,
      0.6385542168674698,
      0.0030120481927710845,
      0.14156626506024098,
      0.06325301204819277
    ],
    [
      0.02107728337236534,
      0.13114754098360656,
      0.21712947474071595,
      0.04449648711943794,
      0.3362328537972566,
      0.02040816326530612,
      0.15289394446303112,
      0.07661425225828036
    ],
    [
      0.05021834061135371,
      0.4344978165938865,
      0.15283842794759825,
      0.017467248908296942,
      0.21179039301310043,
      0.048034934497816595,
      0.07860262008733625,
      0.006550218340611353
    ],
    [
      0.03742690058479532,
      0.2894736842105263,
      0.24502923976608187,
      0.022222222222222223,
      0.20994152046783626,
      0.03450292397660819,
      0.12046783625730995,
      0.04093567251461988
    ],
    [
      0.041666666666666664,
      0.1875,
      0.25892857142857145,
      0.05952380952380952,
      0.2648809523809524,
      0.017857142857142856,
      0.10119047619047619,
      0.06845238095238096
    ]
  ],
  "Execute": [
    [
      0.5229591836734694,
      0.03316326530612245,
      0.00510204081632653,
      0.0,
      0.21343537414965985,
      0.05357142857142857,
      0.1641156462585034,
      0.007653061224489796
    ],
    [
      0.07096774193548387,
      0.4,
      0.025806451612903226,
      0.0,
      0.05806451612903226,
      0.05161290322580645,
      0.3870967741935484,
      0.0064516129032258064
    ],
    [
      0.07407407407407407,
      0.0,
      0.3333333333333333,
      0.0,
      0.3333333333333333,
      0.037037037037037035,
      0.2222222222222222,
      0.0
    ],
    [
      0.0,
      0.0,
      0.0,
      0.0,
      0.0,
      0.0,
      0.0,
      0.0
    ],
    [
      0.04873949579831933,
      0.0033613445378151263,
      0.010084033613445379,
      0.0,
      0.48067226890756304,
      0.01680672268907563,
      0.4016806722689076,
      0.03865546218487395
    ],
    [
      0.3884297520661157,
      0.09090909090909091,
      0.008264462809917356,
      0.0,
      0.19008264462809918,
      0.09090909090909091,
      0.2066115702479339,
      0.024793388429752067
    ],
    [
      0.21671826625386997,
      0.07894736842105263,
      0.0030959752321981426,
      0.0,
      0.28328173374613,
      0.043343653250773995,
      0.3281733746130031,
      0.04643962848297214
    ],
    [
      0.5405405405405406,
      0.02702702702702703,
      0.0,
      0.0,
      0.2972972972972973,
      0.0,
      0.10810810810810811,
      0.02702702702702703
    ]
  ],
  "Summarization": [
    [
      0.6838115863562534,
      0.03735787763941527,
      0.03789929615592853,
      0.003789929615592853,
      0.04223064428803465,
      0.02707092582566324,
      0.07146724417975095,
      0.09637249593936113
    ],
    [
      0.09795918367346938,
      0.4448979591836735,
      0.0326530612244898,
      0.00816326530612245,
      0.0653061224489796,
      0.04081632653061224,
      0.23673469387755103,
      0.07346938775510205
    ],
    [
      0.1590909090909091,
      0.017045454545454544,
      0.44886363636363635,
      0.03409090909090909,
      0.05113636363636364,
      0.03977272727272727,
      0.09090909090909091,
      0.1590909090909091
    ],
    [
      0.13157894736842105,
      0.013157894736842105,
      0.02631578947368421,
      0.4473684210526316,
      0.02631578947368421,
      0.013157894736842105,
      0.3026315789473684,
      0.039473684210526314
    ],
    [
      0.21120689655172414,
      0.06896551724137931,
      0.02586206896551724,
      0.01293103448275862,
      0.3922413793103448,
      0.03017241379310345,
      0.1336206896551724,
      0.125
    ],
    [
      0.25396825396825395,
      0.06349206349206349,
      0.007936507936507936,
      0.015873015873015872,
      0.07936507936507936,
      0.20634920634920634,
      0.1746031746031746,
      0.1984126984126984
    ],
    [
      0.32951289398280803,
      0.12607449856733524,
      0.03724928366762178,
      0.08022922636103152,
      0.07736389684813753,
      0.0659025787965616,
      0.16905444126074498,
      0.11461318051575932
    ],
    [
      0.34911242603550297,
      0.0650887573964497,
      0.047337278106508875,
      0.005917159763313609,
      0.04142011834319527,
      0.01775147928994083,
      0.10650887573964497,
      0.3668639053254438
    ]
  ],
  "Debug": [
    [
      0.3326157158234661,
      0.15392895586652314,
      0.02691065662002153,
      0.010764262648008612,
      0.3821313240043057,
      0.016146393972012917,
      0.05059203444564048,
      0.02691065662002153
    ],
    [
      0.0341130604288499,
      0.4152046783625731,
      0.1442495126705653,
      0.04678362573099415,
      0.23684210526315788,
      0.015594541910331383,
      0.06725146198830409,
      0.03996101364522417
    ],
    [
      0.009483667017913594,
      0.05795574288724974,
      0.2655426765015806,
      0.2339304531085353,
      0.3171759747102213,
      0.003161222339304531,
      0.05690200210748156,
      0.05584826132771338
    ],
    [
      0.010526315789473684,
      0.02556390977443609,
      0.06466165413533835,
      0.11729323308270677,
      0.49022556390977445,
      0.007518796992481203,
      0.1849624060150376,
      0.09924812030075188
    ],
    [
      0.012526589458756796,
      0.06806901441739542,
      0.07799574568659891,
      0.05057905932403687,
      0.6362562042070432,
      0.0033089104230678325,
      0.052233514535570784,
      0.09903096194753014
    ],
    [
      0.12307692307692308,
      0.2923076923076923,
      0.07692307692307693,
      0.07692307692307693,
      0.27692307692307694,
      0.046153846153846156,
      0.07692307692307693,
      0.03076923076923077
    ],
    [
      0.03639240506329114,
      0.11234177215189874,
      0.09177215189873418,
      0.15031645569620253,
      0.34335443037974683,
      0.007911392405063292,
      0.18037974683544303,
      0.07753164556962025
    ],
    [
      0.05945945945945946,
      0.025225225225225224,
      0.2072072072072072,
      0.17657657657657658,
      0.35855855855855856,
      0.007207207207207207,
      0.043243243243243246,
      0.12252252252252252
    ]
  ],