{
  "meta": {
    "cot_model": "qwen",
    "tasks_analyzed": [
      "generation",
      "execution",
      "debug",
      "translation"
    ]
  },
  "overall": {
    "total": 1698,
    "tp": 715,
    "fp": 309,
    "fn": 156,
    "tn": 518,
    "accuracy": 0.726148409893993,
    "precision": 0.6982421875,
    "recall": 0.8208955223880597
  },
  "tasks": {
    "generation": {
      "task": "generation",
      "cot_count": 441,
      "test_count": 441,
      "total_matched": 441,
      "cot_only": 0,
      "test_only": 0,
      "tp": 232,
      "fp": 44,
      "fn": 17,
      "tn": 148,
      "accuracy": 0.8616780045351474,
      "precision": 0.8405797101449275,
      "recall": 0.9317269076305221,
      "f1": 0.8838095238095238,
      "specificity": 0.7708333333333334,
      "fp_tasks": [
        "3634",
        "abc375_f",
        "abc373_e",
        "abc389_e",
        "3765",
        "3791",
        "abc369_c",
        "3686",
        "abc378_f",
        "abc366_e",
        "3763",
        "3594",
        "abc397_d",
        "3613",
        "3722",
        "3750",
        "abc392_d",
        "abc375_c",
        "3683",
        "3551",
        "abc379_f",
        "abc379_e",
        "3528",
        "arc194_d",
        "abc394_e",
        "3562",
        "3675",
        "abc399_d",
        "abc376_g",
        "abc384_e",
        "3690",
        "abc370_e",
        "abc374_f",
        "3717",
        "3697",
        "abc374_e",
        "arc192_a",
        "abc375_b",
        "abc396_e",
        "3725",
        "abc391_e",
        "arc188_b",
        "abc390_d",
        "arc195_b"
      ],
      "fn_tasks": [
        "abc397_f",
        "3783",
        "abc382_f",
        "abc381_d",
        "arc193_a",
        "abc377_f",
        "abc380_e",
        "abc384_g",
        "abc371_c",
        "abc389_f",
        "abc379_g",
        "abc385_e",
        "abc377_b",
        "abc396_g",
        "abc382_b",
        "abc377_d",
        "abc379_d"
      ]
    },
    "execution": {
      "task": "execution",
      "cot_count": 382,
      "test_count": 382,
      "total_matched": 382,
      "cot_only": 0,
      "test_only": 0,
      "tp": 129,
      "fp": 73,
      "fn": 40,
      "tn": 140,
      "accuracy": 0.7041884816753927,
      "precision": 0.6386138613861386,
      "recall": 0.7633136094674556,
      "f1": 0.6954177897574124,
      "specificity": 0.6572769953051644,
      "fp_tasks": [
        "sample-286",
        "sample-325",
        "sample-357",
        "sample-323",
        "sample-273",
        "sample-27",
        "sample-267",
        "sample-127",
        "sample-373",
        "sample-7",
        "sample-265",
        "sample-84",
        "sample-252",
        "sample-39",
        "sample-20",
        "sample-359",
        "sample-377",
        "sample-112",
        "sample-195",
        "sample-279",
        "sample-328",
        "sample-60",
        "sample-209",
        "sample-326",
        "sample-300",
        "sample-228",
        "sample-320",
        "sample-234",
        "sample-346",
        "sample-213",
        "sample-14",
        "sample-247",
        "sample-304",
        "sample-350",
        "sample-363",
        "sample-115",
        "sample-5",
        "sample-293",
        "sample-172",
        "sample-229",
        "sample-302",
        "sample-98",
        "sample-107",
        "sample-231",
        "sample-355",
        "sample-114",
        "sample-144",
        "sample-43",
        "sample-319",
        "sample-256",
        "sample-111",
        "sample-289",
        "sample-322",
        "sample-154",
        "sample-255",
        "sample-285",
        "sample-174",
        "sample-83",
        "sample-240",
        "sample-166",
        "sample-263",
        "sample-277",
        "sample-151",
        "sample-251",
        "sample-177",
        "sample-150",
        "sample-76",
        "sample-147",
        "sample-64",
        "sample-67",
        "sample-220",
        "sample-264",
        "sample-200"
      ],
      "fn_tasks": [
        "sample-342",
        "sample-364",
        "sample-138",
        "sample-9",
        "sample-133",
        "sample-71",
        "sample-88",
        "sample-284",
        "sample-145",
        "sample-366",
        "sample-278",
        "sample-158",
        "sample-171",
        "sample-312",
        "sample-119",
        "sample-129",
        "sample-315",
        "sample-244",
        "sample-375",
        "sample-241",
        "sample-335",
        "sample-294",
        "sample-123",
        "sample-165",
        "sample-134",
        "sample-1",
        "sample-179",
        "sample-233",
        "sample-270",
        "sample-50",
        "sample-132",
        "sample-162",
        "sample-198",
        "sample-307",
        "sample-108",
        "sample-181",
        "sample-368",
        "sample-25",
        "sample-135",
        "sample-120"
      ]
    },
    "debug": {
      "task": "debug",
      "cot_count": 500,
      "test_count": 500,
      "total_matched": 500,
      "cot_only": 0,
      "test_only": 0,
      "tp": 255,
      "fp": 59,
      "fn": 51,
      "tn": 135,
      "accuracy": 0.78,
      "precision": 0.8121019108280255,
      "recall": 0.8333333333333334,
      "f1": 0.8225806451612903,
      "specificity": 0.6958762886597938,
      "fp_tasks": [
        "misused_==_or_=_medium_005",
        "variable_error_medium_003",
        "double_medium_018",
        "missing_colons_medium_005",
        "quadruple_medium_027",
        "missing_colons_medium_004",
        "quadruple_medium_024",
        "variable_error_easy_003",
        "other_error_hard_001",
        "faulty_indexing_easy_008",
        "quadruple_medium_026",
        "faulty_indexing_medium_004",
        "quadruple_hard_037",
        "misused_==_or_=_hard_003",
        "operation_error_hard_004",
        "triple_medium_017",
        "triple_medium_026",
        "double_easy_003",
        "illegal_indentation_hard_001",
        "illegal_keywords_hard_003",
        "faulty_indexing_medium_001",
        "double_hard_005",
        "triple_hard_017",
        "triple_hard_006",
        "double_medium_027",
        "undefined_objects_hard_001",
        "faulty_indexing_medium_009",
        "unclosed_parentheses_easy_001",
        "double_hard_017",
        "double_hard_012",
        "triple_hard_011",
        "variable_error_medium_002",
        "double_hard_014",
        "faulty_indexing_hard_002",
        "misused_==_or_=_medium_001",
        "double_medium_031",
        "triple_medium_021",
        "operation_error_hard_002",
        "unclosed_parentheses_medium_005",
        "triple_medium_005",
        "quadruple_medium_023",
        "illegal_indentation_medium_005",
        "operation_error_medium_004",
        "quadruple_medium_014",
        "double_medium_010",
        "quadruple_medium_007",
        "quadruple_hard_012",
        "double_medium_036",
        "variable_error_hard_002",
        "condition_error_hard_007",
        "quadruple_hard_039",
        "triple_medium_019",
        "illegal_comment_hard_003",
        "undefined_objects_medium_004",
        "illegal_comment_hard_001",
        "triple_medium_023",
        "double_hard_018",
        "triple_medium_029",
        "misused_==_or_=_hard_002"
      ],