{
  "Generate": [
    [
      0.2907764460656592,
      0.40489838457529964,
      0.06618030224075039,
      0.010943199583116207,
      0.09379885356956748,
      0.030745179781136008,
      0.07972902553413236,
      0.022928608650338717
    ],
    [
      0.051543060268217804,
      0.5046049442559379,
      0.11391177896267571,
      0.005008886734529003,
      0.09565357893036032,
      0.07044756826627888,
      0.1486508321215059,
      0.010179350460494426
    ],
    [
      0.026670754138565296,
      0.11557326793378296,
      0.384426732066217,
      0.04322501532801962,
      0.22746781115879827,
      0.019313304721030045,
      0.161250766400981,
      0.022072348252605765
    ],
    [
      0.011111111111111112,
      0.03333333333333333,
      0.08666666666666667,
      0.042222222222222223,
      0.5355555555555556,
      0.0022222222222222222,
      0.24,
      0.04888888888888889
    ],
    [
      0.04840370751802266,
      0.13233779608650875,
      0.1531925849639547,
      0.04145211122554068,
      0.3553038105046344,
      0.01132852729145211,
      0.21807415036045313,
      0.039907312049433576
    ],
    [
      0.06682867557715674,
      0.5127582017010935,
      0.1117861482381531,
      0.007290400972053463,
      0.08869987849331713,
      0.0583232077764277,
      0.14094775212636695,
      0.013365735115431349
    ],
    [
      0.08210455764075067,
      0.29859249329758714,
      0.15650134048257372,
      0.02848525469168901,
      0.2282171581769437,
      0.052613941018766756,
      0.1270107238605898,
      0.026474530831099196
    ],
    [
      0.14338235294117646,
      0.2426470588235294,
      0.19852941176470587,
      0.0661764705882353,
      0.15808823529411764,
      0.05514705882352941,
      0.09191176470588236,
      0.04411764705882353
    ]
  ],
  "Execute": [
    [
      0.34944417593040117,
      0.11648139197680038,
      0.02126631222812953,
      0.0038666022232962784,
      0.1720637989366844,
      0.02803286611889802,
      0.28516191396810053,
      0.023682938617689706
    ],
    [
      0.19706242350061198,
      0.189718482252142,
      0.022031823745410038,
      0.008567931456548347,
      0.14932680538555693,
      0.04039167686658507,
      0.3635250917992656,
      0.02937576499388005
    ],
    [
      0.27350427350427353,
      0.042735042735042736,
      0.02564102564102564,
      0.05128205128205128,
      0.1452991452991453,
      0.02564102564102564,
      0.39316239316239315,
      0.042735042735042736
    ],
    [
      0.2,
      0.0,
      0.05714285714285714,
      0.0,
      0.42857142857142855,
      0.0,
      0.2857142857142857,
      0.02857142857142857
    ],
    [
      0.12598944591029024,
      0.036939313984168866,
      0.008575197889182058,
      0.006596306068601583,
      0.3159630606860158,
      0.023746701846965697,
      0.4175461741424802,
      0.06464379947229551
    ],
    [
      0.24413145539906103,
      0.18779342723004694,
      0.004694835680751174,
      0.004694835680751174,
      0.22535211267605634,
      0.06103286384976526,
      0.23943661971830985,
      0.03286384976525822
    ],
    [
      0.2682926829268293,
      0.16226978596316574,
      0.022399203583872575,
      0.003484320557491289,
      0.2697859631657541,
      0.035838725734196115,
      0.19014435042309608,
      0.047784967645594825
    ],
    [
      0.16279069767441862,
      0.09883720930232558,
      0.023255813953488372,
      0.011627906976744186,
      0.21511627906976744,
      0.0,
      0.37209302325581395,
      0.11627906976744186
    ]
  ],
  "Summarization": [
    [
      0.5901315789473685,
      0.05,
      0.06381578947368421,
      0.002631578947368421,
      0.04144736842105263,
      0.02763157894736842,
      0.12631578947368421,
      0.09802631578947368
    ],
    [
      0.16591928251121077,
      0.20179372197309417,
      0.07174887892376682,
      0.008968609865470852,
      0.09865470852017937,
      0.013452914798206279,
      0.36771300448430494,
      0.07174887892376682
    ],
    [
      0.21052631578947367,
      0.022556390977443608,
      0.2781954887218045,
      0.13533834586466165,
      0.09022556390977443,
      0.045112781954887216,
      0.07518796992481203,
      0.14285714285714285
    ],
    [
      0.1724137931034483,
      0.0,
      0.10344827586206896,
      0.0,
      0.2413793103448276,
      0.0,
      0.3103448275862069,
      0.1724137931034483
    ],
    [
      0.16666666666666666,
      0.07692307692307693,
      0.05128205128205128,
      0.004273504273504274,
      0.3974358974358974,
      0.042735042735042736,
      0.1752136752136752,
      0.08547008547008547
    ],
    [
      0.29473684210526313,
      0.05263157894736842,
      0.010526315789473684,
      0.0,
      0.07368421052631578,
      0.17894736842105263,
      0.17894736842105263,
      0.21052631578947367
    ],
    [
      0.3878048780487805,
      0.17804878048780487,
      0.046341463414634146,
      0.012195121951219513,
      0.07560975609756097,
      0.036585365853658534,
      0.15365853658536585,
      0.10975609756097561
    ],
    [
      0.23958333333333334,
      0.16666666666666666,
      0.09375,
      0.020833333333333332,
      0.07291666666666667,
      0.041666666666666664,
      0.09375,
      0.2708333333333333
    ]
  ],
  "Debug": [
    [
      0.3076923076923077,
      0.2875331564986737,
      0.07427055702917772,
      0.0259946949602122,
      0.16339522546419097,
      0.0519893899204244,
      0.0726790450928382,
      0.016445623342175066
    ],
    [
      0.08648036253776435,
      0.3651812688821752,
      0.14425981873111782,
      0.04305135951661632,
      0.17749244712990936,
      0.05513595166163142,
      0.11933534743202417,
      0.00906344410876133
    ],
    [
      0.06828885400313972,
      0.13736263736263737,
      0.2456828885400314,
      0.14835164835164835,
      0.2260596546310832,
      0.015698587127158554,
      0.1271585557299843,
      0.03139717425431711
    ],
    [
      0.037996545768566495,
      0.05699481865284974,
      0.06217616580310881,
      0.09671848013816926,
      0.4697754749568221,
      0.0051813471502590676,
      0.229706390328152,
      0.04145077720207254
    ],
    [
      0.07153024911032028,
      0.17935943060498222,
      0.09537366548042704,
      0.06405693950177936,
      0.4234875444839858,
      0.0199288256227758,
      0.11743772241992882,
      0.02882562277580071
    ],
    [
      0.14978902953586498,
      0.21729957805907174,
      0.06962025316455696,
      0.023206751054852322,
      0.2109704641350211,
      0.16244725738396623,
      0.15611814345991562,
      0.010548523206751054
    ],
    [
      0.14330708661417324,
      0.24488188976377953,
      0.1110236220472441,
      0.12755905511811025,
      0.17716535433070865,
      0.05590551181102362,
      0.11496062992125984,
      0.025196850393700787
    ],
    [
      0.19205298013245034,
      0.1390728476821192,
      0.17218543046357615,
      0.11258278145695365,
      0.2119205298013245,
      0.019867549668874173,
      0.0728476821192053,
      0.07947019867549669
    ]
  ],