{
  "meta": {
    "cot_model": "r1",
    "tasks_analyzed": [
      "generation",
      "execution",
      "debug",
      "translation"
    ]
  },
  "overall": {
    "total": 1699,
    "tp": 1102,
    "fp": 314,
    "fn": 82,
    "tn": 201,
    "accuracy": 0.7669217186580342,
    "precision": 0.7782485875706214,
    "recall": 0.9307432432432432
  },
  "tasks": {
    "generation": {
      "task": "generation",
      "cot_count": 443,
      "test_count": 443,
      "total_matched": 443,
      "cot_only": 0,
      "test_only": 0,
      "tp": 315,
      "fp": 59,
      "fn": 6,
      "tn": 63,
      "accuracy": 0.8532731376975169,
      "precision": 0.8422459893048129,
      "recall": 0.9813084112149533,
      "f1": 0.9064748201438849,
      "specificity": 0.5163934426229508,
      "fp_tasks": [
        "abc373_g",
        "abc378_f",
        "abc399_d",
        "abc391_d",
        "3717",
        "3613",
        "3562",
        "arc194_d",
        "3655",
        "abc396_e",
        "abc370_g",
        "3762",
        "abc376_g",
        "abc380_g",
        "3688",
        "arc191_c",
        "arc188_b",
        "3658",
        "abc370_f",
        "arc184_d",
        "abc394_f",
        "abc384_f",
        "abc397_d",
        "3683",
        "abc392_f",
        "3720",
        "arc196_a",
        "abc390_g",
        "abc366_g",
        "3563",
        "3550",
        "abc379_e",
        "abc385_f",
        "arc183_a",
        "arc192_d",
        "arc181_c",
        "abc374_e",
        "3560",
        "abc374_d",
        "abc378_g",
        "arc194_c",
        "3779",
        "3784",
        "3696",
        "3763",
        "arc193_d",
        "3571",
        "abc392_g",
        "arc195_d",
        "arc183_b",
        "abc375_b",
        "3777",
        "arc195_b",
        "abc379_f",
        "abc392_d",
        "arc188_c",
        "arc186_c",
        "abc370_d",
        "arc192_a"
      ],
      "fn_tasks": [
        "abc388_g",
        "arc184_e",
        "arc194_e",
        "3700",
        "abc389_f",
        "arc188_d"
      ]
    },
    "execution": {
      "task": "execution",
      "cot_count": 382,
      "test_count": 382,
      "total_matched": 382,
      "cot_only": 0,
      "test_only": 0,
      "tp": 171,
      "fp": 68,
      "fn": 42,
      "tn": 101,
      "accuracy": 0.7120418848167539,
      "precision": 0.7154811715481172,
      "recall": 0.8028169014084507,
      "f1": 0.756637168141593,
      "specificity": 0.5976331360946746,
      "fp_tasks": [
        "sample-208",
        "sample-210",
        "sample-302",
        "sample-267",
        "sample-98",
        "sample-52",
        "sample-18",
        "sample-264",
        "sample-229",
        "sample-150",
        "sample-66",
        "sample-71",
        "sample-233",
        "sample-67",
        "sample-357",
        "sample-320",
        "sample-279",
        "sample-300",
        "sample-322",
        "sample-251",
        "sample-60",
        "sample-7",
        "sample-250",
        "sample-177",
        "sample-367",
        "sample-49",
        "sample-354",
        "sample-276",
        "sample-188",
        "sample-79",
        "sample-237",
        "sample-326",
        "sample-215",
        "sample-6",
        "sample-107",
        "sample-350",
        "sample-355",
        "sample-363",
        "sample-20",
        "sample-87",
        "sample-285",
        "sample-39",
        "sample-328",
        "sample-142",
        "sample-275",
        "sample-359",
        "sample-14",
        "sample-78",
        "sample-53",
        "sample-109",
        "sample-190",
        "sample-292",
        "sample-373",
        "sample-252",
        "sample-154",
        "sample-324",
        "sample-147",
        "sample-228",
        "sample-234",
        "sample-213",
        "sample-286",
        "sample-323",
        "sample-112",
        "sample-293",
        "sample-82",
        "sample-152",
        "sample-260",
        "sample-325"
      ],
      "fn_tasks": [
        "sample-63",
        "sample-366",
        "sample-254",
        "sample-287",
        "sample-181",
        "sample-145",
        "sample-223",
        "sample-101",
        "sample-179",
        "sample-262",
        "sample-135",
        "sample-240",
        "sample-305",
        "sample-83",
        "sample-194",
        "sample-158",
        "sample-133",
        "sample-50",
        "sample-162",
        "sample-85",
        "sample-245",
        "sample-241",
        "sample-378",
        "sample-5",
        "sample-65",
        "sample-122",
        "sample-134",
        "sample-120",
        "sample-318",
        "sample-118",
        "sample-136",
        "sample-138",
        "sample-244",
        "sample-307",
        "sample-176",
        "sample-146",
        "sample-25",
        "sample-207",
        "sample-268",
        "sample-282",
        "sample-352",
        "sample-17"
      ]
    },
    "debug": {
      "task": "debug",
      "cot_count": 500,
      "test_count": 500,
      "total_matched": 500,
      "cot_only": 0,
      "test_only": 0,
      "tp": 428,
      "fp": 35,
      "fn": 16,
      "tn": 21,
      "accuracy": 0.898,
      "precision": 0.9244060475161987,
      "recall": 0.963963963963964,
      "f1": 0.9437706725468578,
      "specificity": 0.375,
      "fp_tasks": [
        "variable_error_hard_002",
        "condition_error_medium_008",
        "triple_hard_010",
        "double_hard_006",
        "double_hard_025",
        "condition_error_hard_001",
        "undefined_objects_medium_005",
        "double_medium_012",
        "illegal_comment_medium_006",
        "quadruple_hard_003",
        "quadruple_hard_007",
        "condition_error_medium_002",
        "triple_easy_014",
        "quadruple_hard_001",
        "quadruple_hard_034",
        "triple_easy_008",
        "quadruple_hard_039",
        "quadruple_hard_008",
        "quadruple_medium_024",
        "quadruple_medium_013",
        "triple_medium_026",
        "missing_colons_hard_004",
        "missing_colons_medium_004",
        "triple_hard_011",
        "unclosed_string_easy_004",
        "triple_medium_003",
        "undefined_methods_easy_005",
        "faulty_indexing_easy_008",
        "triple_easy_005",
        "double_medium_010",
        "quadruple_hard_009",
        "quadruple_hard_021",
        "quadruple_hard_006",
        "quadruple_medium_010",
        "double_hard_030"
      ],
      "fn_tasks": [
        "illegal_indentation_hard_002",
        "triple_easy_015",
        "condition_error_hard_004",
        "double_medium_002",
        "unclosed_string_hard_004",
        "variable_error_easy_004",
        "variable_error_hard_001",
        "double_easy_019",
        "condition_error_medium_004",
        "operation_error_medium_007",
        "quadruple_hard_033",
        "misused_==_or_=_hard_006",
        "illegal_indentation_easy_003",
        "illegal_comment_hard_003",
        "undefined_methods_hard_001",
        "other_error_medium_003"
      ]
    },
    "translation": {
      "task": "translation",
      "cot_count": 376,
      "test_count": 374,
      "total_matched": 374,
      "cot_only": 2,
      "test_only": 0,
      "tp": 188,
      "fp": 152,
      "fn": 18,
      "tn": 16,
      "accuracy": 0.5454545454545454,
      "precision": 0.5529411764705883,
      "recall": 0.912621359223301,
      "f1": 0.6886446886446886,
      "specificity": 0.09523809523809523,